{
  "test": "abi_ablation_test",
  "backbone": "gpt2-medium (354.8M pretrained)",
  "update_corpus": "WikiText-2",
  "domain_corpus": "Python source code",
  "domain_steps": 500,
  "update_steps": 1000,
  "native_ppl": 6.669490552080518,
  "native_gain_pct": 70.4870503168175,
  "rows": [
    {
      "alpha": 0,
      "py_nd": 27.98936244180416,
      "py_zs": 22.824164387262677,
      "py_gain": 18.454146875553278,
      "wt_ppl": 26.532458450854087,
      "cos_sim": 0.314347505569458,
      "cos_mult": 5.029560089111328,
      "elapsed": 446.1394011974335,
      "efficacy": 26.18090385766973
    },
    {
      "alpha": 1,
      "py_nd": 23.380694736604315,
      "py_zs": 16.20295669055781,
      "py_gain": 30.699421582238926,
      "wt_ppl": 26.559583975744793,
      "cos_sim": 0.7930144667625427,
      "cos_mult": 12.688231468200684,
      "elapsed": 551.2288951873779,
      "efficacy": 43.55327885654814
    },
    {
      "alpha": 2,
      "py_nd": 19.39747805946596,
      "py_zs": 16.38772207440521,
      "py_gain": 15.516223170011475,
      "wt_ppl": 26.683147275114415,
      "cos_sim": 0.8698694705963135,
      "cos_mult": 13.917911529541016,
      "elapsed": 550.8997910022736,
      "efficacy": 22.01287059150702
    },
    {
      "alpha": 3,
      "py_nd": 18.941187532261406,
      "py_zs": 16.014867687199967,
      "py_gain": 15.449505687419077,
      "wt_ppl": 26.777575925237976,
      "cos_sim": 0.8363378643989563,
      "cos_mult": 13.3814058303833,
      "elapsed": 551.001092672348,
      "efficacy": 21.918218478398973
    }
  ],
  "elapsed_s": 2805.091022014618
}