{
  "GPT-2-small": {
    "model_id": "gpt2",
    "model_name": "GPT-2-small",
    "params_M": 117,
    "d_model": 768,
    "n_layers": 12,
    "fragility_sigma_at_0.86": 0.34142,
    "entropy_mean": 3.8236041208517375,
    "entropy_median": 4.0189902782440186,
    "entropy_p10": 0.8385785222053528,
    "entropy_p25": 2.511935293674469,
    "entropy_p75": 5.264596343040466,
    "entropy_p90": 6.260142803192139,
    "top1_prob_mean": 0.3579465248979291,
    "top1_prob_median": 0.26143209636211395,
    "top1_prob_p10": 0.0680144615471363,
    "top1_prob_p25": 0.13226480409502983,
    "top1_prob_p75": 0.5219207406044006,
    "top1_prob_p90": 0.8652680516242981,
    "top5_margin_mean": 0.00504496807929118,
    "top5_margin_median": 0.002338276943191886,
    "top5_margin_p10": 0.00013952236622571945,
    "top5_margin_p25": 0.0006925433553988114,
    "top5_margin_p75": 0.00615466944873333,
    "top5_margin_p90": 0.012899953871965408,
    "tight_top5_fraction": 0.3125,
    "very_tight_top5_fraction": 0.08231707317073171,
    "perturbation_curve": {
      "0.0": 1.0,
      "0.005": 0.99714,
      "0.01": 0.99456,
      "0.02": 0.98972,
      "0.05": 0.97529,
      "0.1": 0.95372,
      "0.2": 0.913,
      "0.4": 0.83805
    }
  },
  "GPT-2-medium": {
    "model_id": "gpt2-medium",
    "model_name": "GPT-2-medium",
    "params_M": 354,
    "d_model": 1024,
    "n_layers": 24,
    "fragility_sigma_at_0.86": 0.36604,
    "entropy_mean": 3.4893602591503114,
    "entropy_median": 3.632171869277954,
    "entropy_p10": 0.52369424700737,
    "entropy_p25": 2.057110905647278,
    "entropy_p75": 4.9464417695999146,
    "entropy_p90": 5.960216283798218,
    "top1_prob_mean": 0.39428924133800486,
    "top1_prob_median": 0.29585565626621246,
    "top1_prob_p10": 0.07788466289639473,
    "top1_prob_p25": 0.1574021503329277,
    "top1_prob_p75": 0.5937863737344742,
    "top1_prob_p90": 0.9221477210521698,
    "top5_margin_mean": 0.005311584993139208,
    "top5_margin_median": 0.0026091234758496284,
    "top5_margin_p10": 0.00011875422205775976,
    "top5_margin_p25": 0.0006961042527109385,
    "top5_margin_p75": 0.006822803523391485,
    "top5_margin_p90": 0.013747370801866055,
    "tight_top5_fraction": 0.3041158536585366,
    "very_tight_top5_fraction": 0.09273373983739837,
    "perturbation_curve": {
      "0.0": 1.0,
      "0.005": 0.99783,
      "0.01": 0.99508,
      "0.02": 0.99101,
      "0.05": 0.97726,
      "0.1": 0.95564,
      "0.2": 0.91704,
      "0.4": 0.84834
    }
  },
  "GPT-2-large": {
    "model_id": "gpt2-large",
    "model_name": "GPT-2-large",
    "params_M": 774,
    "d_model": 1280,
    "n_layers": 36,
    "fragility_sigma_at_0.86": 0.38991,
    "entropy_mean": 2.9907522940354943,
    "entropy_median": 3.009696364402771,
    "entropy_p10": 0.30395273864269257,
    "entropy_p25": 1.6136588752269745,
    "entropy_p75": 4.354082703590393,
    "entropy_p90": 5.405216217041016,
    "top1_prob_mean": 0.4410085301499386,
    "top1_prob_median": 0.3536316603422165,
    "top1_prob_p10": 0.10210265591740608,
    "top1_prob_p25": 0.19660630449652672,
    "top1_prob_p75": 0.6675167083740234,
    "top1_prob_p90": 0.9571086764335632,
    "top5_margin_mean": 0.0059092497237031435,
    "top5_margin_median": 0.0028013596311211586,
    "top5_margin_p10": 9.977815352613106e-05,
    "top5_margin_p25": 0.0007022451609373093,
    "top5_margin_p75": 0.007471285527572036,
    "top5_margin_p90": 0.015225003939121962,
    "tight_top5_fraction": 0.3005589430894309,
    "very_tight_top5_fraction": 0.10010162601626016,
    "perturbation_curve": {
      "0.0": 1.0,
      "0.005": 0.99809,
      "0.01": 0.99548,
      "0.02": 0.99083,
      "0.05": 0.97868,
      "0.1": 0.95795,
      "0.2": 0.92316,
      "0.4": 0.85664
    }
  },
  "interpretation": "method_problem",
  "config": {
    "seed": 42,
    "chunk": 512,
    "skip": 20,
    "n_chunks": 8,
    "sigma_grid": [
      0.0,
      0.005,
      0.01,
      0.02,
      0.05,
      0.1,
      0.2,
      0.4
    ],
    "n_noise_reps": 4
  },
  "elapsed_s": 113.9
}